dataset,n,tsteps,cpu_threads,block_size,seconds_time_elapsed,insn_per_cycle,branch_misses,gpu_teams,gpu_threads_per_team,cuda_threads,ket_ms,saxpy_ms
test_mini,500,2,1,nan,0.005095530,0.51,15865,nan,nan,nan,0.012,0.002
test_small,1000,10,1,nan,0.005663134,0.55,16198,nan,nan,nan,0.043,0.005
test_standard,10000,100,1,nan,0.009053989,1.79,16869,nan,nan,nan,2.108,0.028
test_large,100000,1000,1,nan,0.663676333,1.54,28042,nan,nan,nan,265.682,0.306
test_extralarge,1000000,1000,1,nan,5.174684224,1.97,68587,nan,nan,nan,2552.599,2.825
test_mini_C,500,2,1,nan,0.004547328,0.50,16011,nan,nan,nan,0.020,0.005
test_mini_C,500,2,2,nan,0.005728895,0.63,17468,nan,nan,nan,0.037,0.005
test_mini_C,500,2,4,nan,0.008472906,1.00,20436,nan,nan,nan,0.029,0.003
test_mini_C,500,2,8,nan,0.005770255,0.48,29086,nan,nan,nan,0.249,0.104
test_small_C,1000,10,1,nan,0.004933079,0.54,16253,nan,nan,nan,0.082,0.009
test_small_C,1000,10,2,nan,0.004666200,0.66,17694,nan,nan,nan,0.042,0.003
test_small_C,1000,10,4,nan,0.004066491,1.03,20512,nan,nan,nan,0.026,0.002
test_small_C,1000,10,8,nan,0.005561017,0.51,35686,nan,nan,nan,0.680,0.072
test_standard_C,10000,100,1,nan,0.009471048,1.62,17119,nan,nan,nan,2.330,0.031
test_standard_C,10000,100,2,nan,0.007210551,1.64,19118,nan,nan,nan,1.121,0.015
test_standard_C,10000,100,4,nan,0.006292462,1.65,24908,nan,nan,nan,0.657,0.009
test_standard_C,10000,100,8,nan,0.013109433,0.89,86696,nan,nan,nan,3.898,0.085
test_large_C,100000,1000,1,nan,0.718397519,1.33,32135,nan,nan,nan,371.574,0.428
test_large_C,100000,1000,2,nan,0.351247917,1.44,39654,nan,nan,nan,169.211,0.188
test_large_C,100000,1000,4,nan,0.222550966,1.29,65467,nan,nan,nan,99.302,0.104
test_large_C,100000,1000,8,nan,0.286079956,1.12,525699,nan,nan,nan,133.305,0.225
test_extralarge_C,1000000,1000,1,nan,5.133120193,1.85,72838,nan,nan,nan,2564.747,2.900
test_extralarge_C,1000000,1000,2,nan,3.417025280,1.42,90685,nan,nan,nan,1719.970,1.716
test_extralarge_C,1000000,1000,4,nan,3.108298131,0.84,182924,nan,nan,nan,1550.809,1.573
test_extralarge_C,1000000,1000,8,nan,3.286444063,0.79,nan,nan,nan,nan,1630.462,1.903
test_mini_G,500,2,nan,nan,0.006247086,1.61,37748,2,16,nan,1.119,0.643
test_mini_G,500,2,nan,nan,0.005488336,1.26,36360,2,128,nan,0.282,0.155
test_mini_G,500,2,nan,nan,0.006038749,1.61,38190,3,16,nan,0.708,0.543
test_mini_G,500,2,nan,nan,0.005902705,1.51,38600,3,128,nan,0.696,0.168
test_mini_G,500,2,nan,nan,0.005943539,1.60,37014,32,16,nan,0.469,0.346
test_mini_G,500,2,nan,nan,0.005777911,1.39,36109,32,128,nan,0.274,0.131
test_mini_G,500,2,nan,nan,0.005909033,1.49,38014,128,16,nan,0.577,0.451
test_mini_G,500,2,nan,nan,0.006145900,1.44,38544,128,128,nan,0.259,0.126
test_small_G,1000,10,nan,nan,0.008825855,1.69,61066,2,16,nan,1.172,0.116
test_small_G,1000,10,nan,nan,0.009452427,1.73,61280,2,128,nan,2.878,0.534
test_small_G,1000,10,nan,nan,0.008911493,1.62,59758,3,16,nan,1.174,0.117
test_small_G,1000,10,nan,nan,0.008710918,1.58,61161,3,128,nan,1.631,0.115
test_small_G,1000,10,nan,nan,0.008863263,1.69,61095,32,16,nan,1.244,0.118
test_small_G,1000,10,nan,nan,0.008505927,1.59,59390,32,128,nan,1.251,0.113
test_small_G,1000,10,nan,nan,0.009090442,1.64,60074,128,16,nan,1.599,0.540
test_small_G,1000,10,nan,nan,0.008892105,1.64,61558,128,128,nan,1.169,0.115
test_standard_G,10000,100,nan,nan,0.053195168,1.94,320088,2,16,nan,29.766,0.559
test_standard_G,10000,100,nan,nan,0.049055800,1.85,308698,2,128,nan,24.599,0.549
test_standard_G,10000,100,nan,nan,0.050994141,1.91,315152,3,16,nan,22.435,0.126
test_standard_G,10000,100,nan,nan,0.050490838,1.89,309512,3,128,nan,20.791,0.553
test_standard_G,10000,100,nan,nan,0.052845136,1.92,325186,32,16,nan,26.666,0.125
test_standard_G,10000,100,nan,nan,0.047459237,1.83,301334,32,128,nan,16.791,0.123
test_standard_G,10000,100,nan,nan,0.049819889,1.87,311838,128,16,nan,22.354,0.126
test_standard_G,10000,100,nan,nan,0.048622928,1.86,303554,128,128,nan,25.367,0.124
test_large_G,100000,1000,nan,nan,0.809262255,1.42,nan,2,16,nan,390.861,0.912
test_large_G,100000,1000,nan,nan,0.782933379,1.43,nan,2,128,nan,396.860,0.263
test_large_G,100000,1000,nan,nan,0.797531389,1.47,nan,3,16,nan,393.445,0.682
test_large_G,100000,1000,nan,nan,0.798174863,1.46,nan,3,128,nan,399.441,0.264
test_large_G,100000,1000,nan,nan,0.784187045,1.48,nan,32,16,nan,402.744,0.695
test_large_G,100000,1000,nan,nan,0.785163103,1.48,nan,32,128,nan,386.137,0.255
test_large_G,100000,1000,nan,nan,0.803130637,1.46,nan,128,16,nan,398.127,0.693
test_large_G,100000,1000,nan,nan,0.803734422,1.47,nan,128,128,nan,391.913,0.700
test_extralarge_G,1000000,1000,nan,nan,4.000911554,0.65,nan,2,16,nan,1963.111,2.300
test_extralarge_G,1000000,1000,nan,nan,3.945965137,0.63,nan,2,128,nan,1943.354,1.791
test_extralarge_G,1000000,1000,nan,nan,3.932720058,0.62,nan,3,16,nan,1912.736,1.777
test_extralarge_G,1000000,1000,nan,nan,3.950457268,0.63,nan,3,128,nan,1957.130,1.809
test_extralarge_G,1000000,1000,nan,nan,3.971344517,0.65,nan,32,16,nan,1983.218,2.229
test_extralarge_G,1000000,1000,nan,nan,3.972161868,0.65,nan,32,128,nan,1944.556,1.808
test_extralarge_G,1000000,1000,nan,nan,3.927191300,0.62,nan,128,16,nan,1906.000,1.840
test_extralarge_G,1000000,1000,nan,nan,3.965723475,0.64,nan,128,128,nan,1941.731,1.787
test_mini_CU_qa,500,2,nan,32,0.122098896,0.50,427890,nan,nan,128,0.180,0.027
test_mini_CU_qa,500,2,nan,256,0.117305207,0.50,421269,nan,nan,128,0.016,0.001
test_mini_CU_qa,500,2,nan,512,0.119671797,0.50,426454,nan,nan,128,0.016,0.001
test_mini_CU_qa,500,2,nan,32,0.126478020,0.50,427042,nan,nan,256,0.163,0.052
test_mini_CU_qa,500,2,nan,256,0.121989570,0.50,426502,nan,nan,256,0.177,0.027
test_mini_CU_qa,500,2,nan,512,0.129236960,0.50,434736,nan,nan,256,0.016,0.001
test_mini_CU_qa,500,2,nan,32,0.126215086,0.50,443124,nan,nan,512,0.177,0.057
test_mini_CU_qa,500,2,nan,256,0.119337676,0.51,426534,nan,nan,512,0.177,0.055
test_mini_CU_qa,500,2,nan,512,0.127696855,0.50,438236,nan,nan,512,0.179,0.057
test_mini_CU_qa,500,2,nan,32,0.136277197,0.50,446788,nan,nan,1024,0.177,0.058
test_mini_CU_qa,500,2,nan,256,0.119232726,0.50,434243,nan,nan,1024,0.176,0.056
test_mini_CU_qa,500,2,nan,512,0.131019477,0.50,431580,nan,nan,1024,0.251,0.078
test_small_CU_qa,1000,10,nan,32,0.127926806,0.50,462429,nan,nan,128,1.044,0.057
test_small_CU_qa,1000,10,nan,256,0.119278677,0.50,438683,nan,nan,128,0.031,0.001
test_small_CU_qa,1000,10,nan,512,0.124634745,0.50,429147,nan,nan,128,0.029,0.001
test_small_CU_qa,1000,10,nan,32,0.126845602,0.51,443206,nan,nan,256,1.081,0.059
test_small_CU_qa,1000,10,nan,256,0.132832489,0.50,457199,nan,nan,256,1.064,0.058
test_small_CU_qa,1000,10,nan,512,0.118181184,0.50,436880,nan,nan,256,0.033,0.001
test_small_CU_qa,1000,10,nan,32,0.126615339,0.50,437532,nan,nan,512,1.074,0.025
test_small_CU_qa,1000,10,nan,256,0.113842099,0.50,434683,nan,nan,512,1.017,0.058
test_small_CU_qa,1000,10,nan,512,0.119054610,0.50,433552,nan,nan,512,1.067,0.056
test_small_CU_qa,1000,10,nan,32,0.127071948,0.50,465323,nan,nan,1024,1.147,0.059
test_small_CU_qa,1000,10,nan,256,0.128237228,0.50,443720,nan,nan,1024,0.855,0.025
test_small_CU_qa,1000,10,nan,512,0.129187700,0.50,456466,nan,nan,1024,1.086,0.024
test_standard_CU_qa,10000,100,nan,32,0.140697010,0.49,535079,nan,nan,128,10.742,0.058
test_standard_CU_qa,10000,100,nan,256,0.117777791,0.50,433260,nan,nan,128,0.279,0.001
test_standard_CU_qa,10000,100,nan,512,0.133442785,0.51,457025,nan,nan,128,0.239,0.001
test_standard_CU_qa,10000,100,nan,32,0.145207685,0.49,551966,nan,nan,256,11.132,0.053
test_standard_CU_qa,10000,100,nan,256,0.152189745,0.48,579720,nan,nan,256,11.189,0.054
test_standard_CU_qa,10000,100,nan,512,0.134907393,0.50,462586,nan,nan,256,0.237,0.001
test_standard_CU_qa,10000,100,nan,32,0.153504207,0.49,523749,nan,nan,512,12.368,0.024
test_standard_CU_qa,10000,100,nan,256,0.149021084,0.48,557499,nan,nan,512,11.062,0.055
test_standard_CU_qa,10000,100,nan,512,0.153882221,0.49,546913,nan,nan,512,10.374,0.024
test_standard_CU_qa,10000,100,nan,32,0.146183497,0.49,558346,nan,nan,1024,11.100,0.052
test_standard_CU_qa,10000,100,nan,256,0.150167861,0.49,551732,nan,nan,1024,10.965,0.053
test_standard_CU_qa,10000,100,nan,512,0.153895764,0.48,567157,nan,nan,1024,11.054,0.054
test_large_CU_qa,100000,1000,nan,32,0.323979107,0.44,nan,nan,nan,128,82.942,0.024
test_large_CU_qa,100000,1000,nan,256,0.146529804,0.52,465028,nan,nan,128,2.285,0.001
test_large_CU_qa,100000,1000,nan,512,0.143917520,0.52,467337,nan,nan,128,2.383,0.001
test_large_CU_qa,100000,1000,nan,32,0.322084556,0.44,nan,nan,nan,256,103.998,0.037
test_large_CU_qa,100000,1000,nan,256,0.319609241,0.44,nan,nan,nan,256,97.692,0.024
test_large_CU_qa,100000,1000,nan,512,0.133181386,0.51,453992,nan,nan,256,2.488,0.001
test_large_CU_qa,100000,1000,nan,32,0.328935115,0.44,nan,nan,nan,512,89.631,0.027
test_large_CU_qa,100000,1000,nan,256,0.315885114,0.44,nan,nan,nan,512,83.385,0.024
test_large_CU_qa,100000,1000,nan,512,0.328467972,0.45,nan,nan,nan,512,89.594,0.024
test_large_CU_qa,100000,1000,nan,32,0.349185825,0.44,nan,nan,nan,1024,92.563,0.030
test_large_CU_qa,100000,1000,nan,256,0.333591886,0.45,nan,nan,nan,1024,96.918,0.024
test_large_CU_qa,100000,1000,nan,512,0.333704818,0.45,nan,nan,nan,1024,88.756,0.024
test_extralarge_CU_qa,1000000,1000,nan,32,0.387597917,0.41,nan,nan,nan,128,86.372,0.024
test_extralarge_CU_qa,1000000,1000,nan,256,0.211091597,0.43,490954,nan,nan,128,2.229,0.001
test_extralarge_CU_qa,1000000,1000,nan,512,0.210423786,0.43,483682,nan,nan,128,2.299,0.001
test_extralarge_CU_qa,1000000,1000,nan,32,0.384056834,0.41,nan,nan,nan,256,94.313,0.023
test_extralarge_CU_qa,1000000,1000,nan,256,0.385482781,0.41,nan,nan,nan,256,85.242,0.023
test_extralarge_CU_qa,1000000,1000,nan,512,0.204399050,0.43,484240,nan,nan,256,2.788,0.001
test_extralarge_CU_qa,1000000,1000,nan,32,0.404206466,0.41,nan,nan,nan,512,86.709,0.023
test_extralarge_CU_qa,1000000,1000,nan,256,0.372819698,0.41,nan,nan,nan,512,83.246,0.024
test_extralarge_CU_qa,1000000,1000,nan,512,0.385061331,0.41,nan,nan,nan,512,81.682,0.024
test_extralarge_CU_qa,1000000,1000,nan,32,0.410777265,0.41,nan,nan,nan,1024,103.460,0.025
test_extralarge_CU_qa,1000000,1000,nan,256,0.387644651,0.41,nan,nan,nan,1024,97.896,0.030
test_extralarge_CU_qa,1000000,1000,nan,512,0.406922567,0.41,nan,nan,nan,1024,88.135,0.030
test_mini_CU_opt,500,2,nan,32,0.125951790,0.50,450957,nan,nan,128,0.192,0.057
test_mini_CU_opt,500,2,nan,256,0.131593380,0.50,450794,nan,nan,128,0.016,0.001
test_mini_CU_opt,500,2,nan,512,0.123954944,0.50,422386,nan,nan,128,0.015,0.001
test_mini_CU_opt,500,2,nan,32,0.132595577,0.50,458485,nan,nan,256,0.225,0.056
test_mini_CU_opt,500,2,nan,256,0.129649135,0.50,454899,nan,nan,256,0.176,0.057
test_mini_CU_opt,500,2,nan,512,0.122985602,0.50,441204,nan,nan,256,0.016,0.001
test_mini_CU_opt,500,2,nan,32,0.126222510,0.50,454989,nan,nan,512,0.238,0.056
test_mini_CU_opt,500,2,nan,256,0.123239777,0.50,449197,nan,nan,512,0.362,0.113
test_mini_CU_opt,500,2,nan,512,0.128003668,0.50,445450,nan,nan,512,0.177,0.057
test_mini_CU_opt,500,2,nan,32,0.125709662,0.50,431570,nan,nan,1024,0.241,0.056
test_mini_CU_opt,500,2,nan,256,0.125089073,0.50,458373,nan,nan,1024,0.179,0.059
test_mini_CU_opt,500,2,nan,512,0.129542332,0.50,459220,nan,nan,1024,0.176,0.056
test_small_CU_opt,1000,10,nan,32,0.125992803,0.50,446626,nan,nan,128,1.046,0.032
test_small_CU_opt,1000,10,nan,256,0.112444258,0.50,421340,nan,nan,128,0.064,0.002
test_small_CU_opt,1000,10,nan,512,0.121298761,0.50,427445,nan,nan,128,0.033,0.001
test_small_CU_opt,1000,10,nan,32,0.126143433,0.50,446488,nan,nan,256,2.040,0.117
test_small_CU_opt,1000,10,nan,256,0.122005590,0.50,439628,nan,nan,256,2.017,0.078
test_small_CU_opt,1000,10,nan,512,0.123466733,0.51,418302,nan,nan,256,0.033,0.001
test_small_CU_opt,1000,10,nan,32,0.128460028,0.50,442064,nan,nan,512,0.951,0.072
test_small_CU_opt,1000,10,nan,256,0.128240775,0.50,438467,nan,nan,512,0.943,0.069
test_small_CU_opt,1000,10,nan,512,0.129417474,0.50,435874,nan,nan,512,0.839,0.025
test_small_CU_opt,1000,10,nan,32,0.122015741,0.50,435714,nan,nan,1024,1.608,0.150
test_small_CU_opt,1000,10,nan,256,0.120170950,0.50,434704,nan,nan,1024,1.197,0.073
test_small_CU_opt,1000,10,nan,512,0.115012555,0.50,438460,nan,nan,1024,1.298,0.089
test_standard_CU_opt,10000,100,nan,32,0.142063360,0.49,532646,nan,nan,128,10.307,0.024
test_standard_CU_opt,10000,100,nan,256,0.124069306,0.50,442759,nan,nan,128,0.236,0.001
test_standard_CU_opt,10000,100,nan,512,0.117899733,0.50,428454,nan,nan,128,0.647,0.002
test_standard_CU_opt,10000,100,nan,32,0.140875372,0.49,541202,nan,nan,256,13.171,0.043
test_standard_CU_opt,10000,100,nan,256,0.138592421,0.49,526056,nan,nan,256,8.854,0.023
test_standard_CU_opt,10000,100,nan,512,0.125736279,0.50,456852,nan,nan,256,0.581,0.002
test_standard_CU_opt,10000,100,nan,32,0.143256981,0.49,544442,nan,nan,512,11.460,0.056
test_standard_CU_opt,10000,100,nan,256,0.148927917,0.48,590257,nan,nan,512,11.508,0.056
test_standard_CU_opt,10000,100,nan,512,0.138605820,0.49,522181,nan,nan,512,9.750,0.056
test_standard_CU_opt,10000,100,nan,32,0.155583347,0.49,534178,nan,nan,1024,13.089,0.024
test_standard_CU_opt,10000,100,nan,256,0.159519902,0.48,575471,nan,nan,1024,11.445,0.057
test_standard_CU_opt,10000,100,nan,512,0.156873079,0.49,552246,nan,nan,1024,11.209,0.070
test_large_CU_opt,100000,1000,nan,32,0.339515971,0.45,nan,nan,nan,128,96.283,0.023
test_large_CU_opt,100000,1000,nan,256,0.138344938,0.52,447175,nan,nan,128,2.258,0.001
test_large_CU_opt,100000,1000,nan,512,0.140869604,0.52,459171,nan,nan,128,2.472,0.001
test_large_CU_opt,100000,1000,nan,32,0.330992186,0.44,nan,nan,nan,256,90.386,0.032
test_large_CU_opt,100000,1000,nan,256,0.315603340,0.44,nan,nan,nan,256,86.664,0.040
test_large_CU_opt,100000,1000,nan,512,0.133281487,0.52,445189,nan,nan,256,2.514,0.001
test_large_CU_opt,100000,1000,nan,32,0.339320680,0.45,nan,nan,nan,512,90.346,0.023
test_large_CU_opt,100000,1000,nan,256,0.327509791,0.45,nan,nan,nan,512,97.533,0.024
test_large_CU_opt,100000,1000,nan,512,0.338562619,0.45,nan,nan,nan,512,97.611,0.023
test_large_CU_opt,100000,1000,nan,32,0.358147178,0.44,nan,nan,nan,1024,99.270,0.024
test_large_CU_opt,100000,1000,nan,256,0.329158774,0.44,nan,nan,nan,1024,89.536,0.023
test_large_CU_opt,100000,1000,nan,512,0.327190164,0.44,nan,nan,nan,1024,89.026,0.023
test_extralarge_CU_opt,1000000,1000,nan,32,0.419610246,0.41,nan,nan,nan,128,95.290,0.024
test_extralarge_CU_opt,1000000,1000,nan,256,0.204220915,0.43,484148,nan,nan,128,2.249,0.001
test_extralarge_CU_opt,1000000,1000,nan,512,0.212814090,0.43,484218,nan,nan,128,2.249,0.001
test_extralarge_CU_opt,1000000,1000,nan,32,0.400420734,0.41,nan,nan,nan,256,92.151,0.024
test_extralarge_CU_opt,1000000,1000,nan,256,0.398412045,0.41,nan,nan,nan,256,88.658,0.024
test_extralarge_CU_opt,1000000,1000,nan,512,0.212479660,0.43,483405,nan,nan,256,2.264,0.001
test_extralarge_CU_opt,1000000,1000,nan,32,0.404706183,0.41,nan,nan,nan,512,95.925,0.024
test_extralarge_CU_opt,1000000,1000,nan,256,0.407220155,0.41,nan,nan,nan,512,97.044,0.036
test_extralarge_CU_opt,1000000,1000,nan,512,0.396318518,0.41,nan,nan,nan,512,92.234,0.024
test_extralarge_CU_opt,1000000,1000,nan,32,0.419124057,0.41,nan,nan,nan,1024,104.255,0.039
test_extralarge_CU_opt,1000000,1000,nan,256,0.404383405,0.41,nan,nan,nan,1024,89.896,0.024
test_extralarge_CU_opt,1000000,1000,nan,512,0.391025618,0.41,nan,nan,nan,1024,88.665,0.025
